index,left
1670,1
13378,0
10233,0
4719,0
7003,0
2831,0
13013,0
11978,0
8610,0
519,1
13667,0
7329,0
452,1
12373,1
4067,0
10782,0
575,1
10279,0
12985,0
6183,0
11134,1
5890,0
5073,0
1844,1
4019,0
154,1
11333,0
5205,0
5900,0
8910,0
9059,0
14290,1
5873,0
3719,0
14061,0
6842,0
11250,0
6201,0
11856,0
5642,0
11577,0
5225,0
14354,1
10003,0
1096,1
13728,0
5206,0
14477,1
14384,1
12389,1
13076,0
13015,0
9163,0
9725,0
5911,0
4919,0
3879,0
486,1
13812,0
6879,0
13952,0
11484,0
5590,0
8664,0
3144,0
10625,0
9158,0
7235,0
5036,0
4951,0
12419,1
2060,0
7603,0
2095,0
14257,1
12885,0
6952,0
12643,1
8656,0
13033,0
14826,1
521,1
4639,0
5828,0
13611,0
14041,0
12512,1
11499,0
6807,0
4534,0
675,1
3146,0
397,1
7126,0
10369,0
4392,0
11084,0
14751,1
33,1
8645,0
9258,0
845,1
7118,0
13886,0
13427,0
7968,0
3771,0
11771,0
13117,0
4672,0
5569,0
11350,0
7419,0
9426,0
7446,0
2984,0
11007,0
1826,1
5745,0
7292,0
10115,0
6701,0
3884,0
13026,0
1180,1
4004,0
2440,0
1495,1
11790,0
9992,0
12128,1
8461,0
9675,0
11121,0
13493,0
6377,0
13445,0
1581,1
7943,0
3538,0
7502,0
12768,1
6928,0
5845,0
4436,0
6161,0
643,1
6582,0
6619,0
1087,1
3319,0
7826,0
5979,0
11258,0
13817,0
5664,0
13157,0
4144,0
467,1
8740,0
489,0
7082,0
10521,0
3023,0
1191,1
4750,0
7100,0
7453,0
11108,0
8716,0
11656,0
12396,1
8818,0
12761,1
9924,0
13226,0
6465,0
6328,0
13012,0
8512,0
13990,0
5053,0
11878,0
3256,0
3598,0
12092,1
12297,1
9832,0
11609,0
13326,0
3442,0
9530,0
12939,0
10775,0
6609,0
4957,0
4519,0
1136,1
12853,0
8694,0
7401,0
12863,0
9798,0
8634,0
13046,0
1651,1
13933,0
2595,0
14789,1
7327,0
11523,0
10292,0
4308,0
6710,0
2861,0
4424,0
11278,0
4929,0
11568,0
4447,0
9020,0
12593,1
13715,0
2118,0
3970,0
11478,0
10374,0
10426,0
13449,0
13251,0
7575,0
12421,1
6116,0
4911,0
13362,0
214,1
3754,0
13572,0
6032,0
13504,0
5168,0
10414,0
10715,0
10663,0
13980,0
4502,0
5975,0
4727,0
4145,0
3485,0
5505,0
9129,0
5407,0
12896,0
13951,0
10814,0
9551,0
12149,1
12370,1
13267,0
11987,0
13705,0
3872,0
8553,0
10171,0
8217,0
9852,0
9705,0
4114,0
6415,0
2813,0
4629,0
13535,0
10927,0
11501,0
9390,0
11107,0
3993,0
4012,0
12399,1
14998,1
3148,0
5921,0
5962,0
3420,0
11361,0
431,1
14722,1
6643,0
6673,0
3673,0
2517,0
5782,0
11066,0
3849,0
340,1
9575,0
8449,0
6631,0
7258,0
220,1
1520,1
13913,0
5849,0
5078,0
6843,0
14202,0
5924,0
4827,0
1035,1
4708,0
12752,1
1982,1
11151,0
13538,0
13020,0
2288,0
8241,0
1595,1
712,1
6839,0
9374,0
10773,0
2528,0
12358,1
9903,0
13281,0
6441,0
7602,0
14109,0
7038,0
14480,1
14272,1
3546,0
1250,1
775,1
6861,0
10853,0
10504,0
9975,0
10757,0
9580,0
7402,0
14440,1
9492,0
142,1
843,1
11362,0
7851,0
3567,0
3861,0
5862,0
12143,1
4091,0
10262,0
11445,0
10027,0
10470,0
3840,0
3998,0
4142,0
6883,0
5753,0
4290,0
1875,1
4934,0
11918,0
13920,0
4138,0
7051,0
167,1
10780,0
4688,0
3378,0
12551,1
10533,0
5557,0
4368,0
3569,0
9394,0
10905,0
1817,1
14628,1
3709,0
10493,0
1231,1
10998,0
14494,1
11742,0
10303,0
6685,0
654,1
4602,0
12272,1
14342,1
920,1
9438,0
12741,0
8022,0
8236,0
14513,1
18,1
3923,0
950,1
4084,0
5909,0
3991,0
9941,0
8517,0
14605,1
1269,1
9010,0
1379,1
3873,0
7106,0
2267,0
14430,1
45,1
14556,1
1457,1
7157,0
2444,0
5855,0
9991,0
5244,0
5439,0
4063,0
8971,0
8164,0
11203,0
9260,0
7131,0
9340,0
9743,0
2280,0
4236,0
10622,0
3192,0
7080,0
9723,0
14883,1
1460,0
8914,0
7746,0
5822,0
13345,1
10300,0
808,1
2162,0
8510,0
13820,0
8265,0
13832,0
14082,0
3025,0
10605,0
6455,0
2272,0
10468,0
1271,1
12433,1
10906,0
7585,0
3930,0
325,1
5567,0
4730,0
278,1
3075,0
11486,0
4554,0
272,1
13479,0
13463,0
14263,1
13892,0
5448,0
952,1
10376,0
399,1
9737,0
12510,1
6553,0
6828,0
5750,0
31,1
10968,0
5820,0
12035,1
6727,0
11168,0
641,1
3394,0
2908,0
9380,0
14509,1
8457,0
10729,0
2247,0
13885,0
10265,1
9476,0
5386,0
6342,0
13275,0
2627,0
9875,0
888,1
10367,0
791,1
12250,1
12723,1
2364,0
561,1
14731,1
13283,0
3889,0
11554,0
5166,0
10952,0
6368,0
14078,0
9556,0
9512,0
7366,0
6591,0
1399,1
9970,0
9400,0
14296,1
7169,0
4384,0
10892,0
11074,0
11612,0
12674,1
8877,0
13298,0
13766,0
11611,0
6655,0
13440,0
6706,0
4685,0
3147,0
1861,1
7803,0
10397,0
1523,1
9245,0
14453,1
13655,0
14464,1
14968,1
4565,0
8785,0
9825,0
5760,0
2084,0
2122,0
9391,0
7741,0
1741,1
8098,0
4157,0
11872,0
121,1
9632,0
1543,1
14814,1
2573,0
13330,0
577,1
5193,0
2227,0
6919,0
10852,0
4626,0
13520,0
6853,0
13413,0
13873,0
14723,1
3311,0
14503,1
14560,1
6288,0
10640,0
2619,0
13369,0
12955,0
9109,0
787,1
9068,0
2617,0
5500,0
8271,0
6390,0
488,1
12599,1
2004,0
10742,0
9718,0
9408,0
719,1
1418,1
3291,0
9485,0
14001,0
221,1
12965,0
1541,0
9516,0
6925,0
2007,0
2915,0
1856,1
11818,0
1352,1
14385,1
6876,0
94,1
13894,0
6433,0
8024,0
4313,0
3701,0
14868,1
9507,0
1894,1
12382,1
1748,1
9406,0
14780,1
8866,0
8626,0
7333,0
3294,0
620,0
1129,1
6802,0
5875,0
578,1
12518,1
2092,0
5603,0
9526,0
4254,0
14130,0
8388,0
7908,0
2193,0
12011,1
7049,0
11098,0
9884,0
9746,0
12026,1
9644,0
9895,0
10232,0
7633,0
2043,0
8631,0
9823,0
1113,1
12032,1
6221,0
14844,1
8456,0
11594,0
9346,0
10312,0
8899,0
424,1
14194,0
9263,0
6847,0
3253,0
14424,1
13196,0
8410,0
7976,0
2975,0
466,1
5991,0
10550,0
8264,0
3088,0
3730,0
14924,1
6918,0
1274,1
13554,0
11667,0
8692,0
1921,1
13142,0
2192,0
6005,0
7317,0
11125,0
2241,0
10298,0
10580,0
8316,0
7254,0
4022,0
5362,0
7052,0
10290,0
13868,0
9540,0
3600,0
5271,0
3038,0
6976,0
9597,0
3948,0
9928,0
8753,0
6145,0
14792,1
2509,0
1597,1
3344,0
10431,0
5852,0
3784,0
12555,1
3197,0
5938,0
1217,1
10224,0
7311,0
11785,0
2883,0
335,1
9851,0
9808,0
2942,0
9645,0
6518,0
663,1
4707,0
10177,0
9902,0
11813,0
230,1
3496,0
11243,0
6986,0
14124,0
14020,0
2031,0
10670,0
14378,1
6855,0
12799,0
776,1
4135,0
8137,0
12597,1
14380,1
6954,0
4480,0
159,1
4258,0
9076,0
312,1
6964,0
2397,0
9200,0
10178,0
7310,0
2343,0
9856,0
7135,0
14105,0
3064,0
11795,0
1187,1
11216,0
9352,0
4734,0
9700,0
1783,1
12048,1
12294,1
1667,1
11401,0
1775,1
11008,0
12944,0
7974,0
1103,1
8052,0
14673,0
5095,0
3749,0
8843,0
10682,0
3657,0
4874,0
14269,1
10023,0
1069,1
320,1
3539,0
7642,0
605,1
3514,0
321,1
13185,0
1480,1
13815,0
10386,0
12162,1
1283,1
874,1
9532,0
4011,0
9625,0
11282,0
2459,0
5518,0
1785,1
12554,1
9729,0
11967,0
11280,0
14912,1
8572,0
174,1
2676,0
9678,0
1358,0
7683,0
1172,1
10752,0
11845,0
10506,0
10399,0
2873,0
9445,0
8771,0
9643,0
9577,0
2817,0
13723,0
2702,0
13405,0
1983,1
3803,0
134,1
10831,0
11524,0
13735,0
1377,1
14341,1
927,0
3125,0
4448,0
9484,0
7873,0
9777,0
393,1
9235,0
4297,0
12101,1
13426,0
10554,0
9092,0
13135,0
763,1
2643,0
1586,1
3305,0
8723,0
13083,0
3176,0
11410,0
13409,0
5189,0
10542,0
6805,0
628,1
13027,0
9699,0
7408,0
11965,0
9309,0
12814,0
14888,1
6698,0
201,1
7259,0
9858,0
2445,0
10523,0
828,1
3093,0
1818,1
13745,0
13229,0
6260,0
1392,1
8339,0
4706,0
1583,1
11820,0
5508,0
1794,1
12460,1
44,1
12,1
4742,0
8496,0
9491,0
6184,0
5467,0
14262,1
14243,1
13308,0
1972,1
6162,0
14821,1
4610,0
5847,1
10458,0
503,1
11331,0
9964,0
499,1
6294,0
12983,0
5319,0
13255,0
11479,0
13900,0
2907,0
11488,0
10674,0
852,1
459,1
8382,0
8693,0
14689,1
13583,0
12779,1
9793,0
12159,1
10113,0
13802,0
1471,1
3159,0
196,1
11221,0
11739,0
12644,0
7958,0
6982,0
9626,0
12952,0
406,1
13001,0
7344,0
5061,0
4749,0
4795,0
6411,0
4589,0
308,1
5608,0
4240,0
2252,0
14852,1
2214,0
4818,0
7430,0
14493,1
9669,0
12484,1
1669,0
7624,0
1124,1
6536,0
6713,0
9544,0
11616,0
12751,1
4769,0
12440,1
3959,0
8593,0
14700,0
10424,0
2411,0
974,1
4097,0
2395,0
7095,0
280,1
10145,0
6487,0
11027,0
2994,0
4624,0
12869,0
1018,1
4840,0
1001,1
9228,0
13313,0
2089,0
4800,0
11914,0
14302,1
12800,0
10045,0
1078,1
4255,0
8089,0
1933,1
1334,1
48,1
6894,0
3076,0
9498,0
1751,1
313,1
8139,0
6249,0
13322,0
11904,0
88,1
13574,0
7046,0
2400,0
2795,0
12191,1
1948,1
5105,0
11093,0
14746,1
4890,0
2143,0
13419,0
8790,0
5101,0
8065,0
7715,0
7199,0
4194,0
5636,0
5124,0
6984,0
7141,0
8667,0
1978,1
3833,0
14526,1
1553,1
4399,0
2076,0
9955,0
9706,0
2999,0
10544,0
11544,0
11642,0
9320,0
1640,1
3689,0
9657,0
6209,0
5897,0
13457,0
14191,1
7969,0
12905,0
3860,0
206,1
12923,0
1021,0
5179,0
1845,1
7750,0
11245,0
3990,0
5879,0
8638,0
12439,1
9161,0
14017,0
2572,0
12824,0
3662,0
10182,0
9085,0
11707,0
12125,1
12446,1
10482,0
6849,0
9412,0
6577,0
6632,0
12142,1
7668,0
10518,0
14591,1
4386,0
1746,1
11448,0
3520,0
7356,0
6434,0
11652,0
8051,0
1462,1
11332,0
7092,0
9334,0
9233,0
11682,0
5472,0
6275,0
13484,0
13044,0
1373,1
5687,0
449,1
2875,0
13919,0
12941,0
6256,0
6031,0
11086,0
2002,0
8960,0
8242,0
14152,0
3759,0
7017,0
10166,0
8224,0
7763,0
3161,0
1985,1
3267,0
5303,0
11760,0
5953,0
2261,0
12273,1
8223,0
5352,0
7336,0
7855,0
1094,1
10415,0
4172,0
9771,0
1091,1
10272,0
12606,1
2473,0
2946,0
3814,0
3675,0
12067,1
9467,0
7129,0
8273,0
11192,0
10974,0
14893,1
7956,0
5891,0
10296,0
11846,0
6268,0
6189,0
6511,0
2200,0
9764,0
12816,0
13810,0
4612,0
7767,0
6888,0
4411,0
8000,0
12893,0
2105,0
146,1
13213,0
9679,0
11040,0
13665,0
664,1
13571,0
7881,0
11330,0
10829,0
11624,0
4773,0
10331,0
12672,1
7435,0
14401,1
10021,0
7105,0
4630,0
11435,0
13019,0
13237,0
8102,0
9480,0
12245,1
10085,0
13243,0
11318,0
14329,1
6323,0
1927,1
14349,1
639,1
10238,0
1524,1
949,1
4002,0
14079,0
6733,0
10138,0
9569,0
4752,0
11269,0
7305,0
4430,0
13284,0
1145,1
6983,0
5172,0
1764,1
7864,0
9054,0
10607,0
7635,0
11542,0
5141,0
12499,1
1150,1
8465,0
9418,0
11104,0
14164,0
12610,1
4567,0
12302,1
1952,1
3008,0
14529,1
1391,0
1687,1
8046,0
169,1
10999,0
725,1
14504,1
8038,0
3373,0
3795,0
14393,1
10802,0
2696,0
14081,0
11999,0
556,1
371,1
4136,0
10176,0
11150,0
8940,0
11740,0
13876,0
9563,0
13055,0
13985,0
2284,0
10450,0
12665,1
9462,0
14395,1
3382,0
8451,0
4823,0
8439,0
9250,0
768,1
11808,0
5260,0
2578,0
13127,0
7822,0
14157,0
10756,0
4027,0
13774,0
10573,0
9904,0
11493,0
11744,0
6220,0
5833,0
11370,0
11018,0
3002,0
2260,0
12430,1
14581,1
12188,1
6422,0
4855,0
2030,0
14034,0
11363,0
5428,0
7150,0
1569,1
8247,0
1468,1
11184,0
11412,0
4944,0
12165,1
8336,0
5068,0
2385,0
3831,0
8434,0
13360,0
8234,0
7967,0
3099,0
9849,0
5589,0
541,1
1425,1
6367,0
992,1
7682,0
13410,0
598,1
2351,0
8921,0
8300,0
665,1
379,1
5577,0
9762,0
1261,1
11881,0
5385,0
14548,1
2417,0
11767,0
13110,0
9499,0
1789,1
5895,0
6967,0
187,1
651,1
13454,0
14549,1
14595,1
7518,0
14695,1
8613,0
7527,0
2436,0
7611,0
9219,0
5654,0
14284,1
181,1
9582,0
10576,0
7899,0
3992,0
14220,1
4115,0
10956,0
8685,0
12367,1
12368,1
8412,0
1267,1
14524,1
3459,0
1233,1
1727,1
4657,0
12808,0
8534,0
2466,0
3269,0
11627,0
13761,0
4499,0
12851,0
3048,0
6721,0
1870,1
6832,0
5485,0
2141,0
8937,0
5805,0
14684,1
8706,0
8878,0
14862,1
2119,0
4523,0
11830,0
13599,0
10604,0
5481,0
9137,0
8418,0
7667,0
11653,0
2465,0
8293,0
6795,0
509,1
7796,0
9067,0
1476,1
5126,0
476,1
4003,0
5398,0
4391,0
1002,1
14490,1
3318,0
8821,0
5165,0
2799,0
6585,0
6493,0
13231,0
9283,0
10416,0
122,1
8576,0
9226,0
457,1
6291,0
304,1
11473,0
10464,0
3572,0
10141,0
8847,0
14372,1
13338,0
4974,0
5804,0
823,1
7637,0
6503,0
3585,0
9366,0
634,1
9023,0
7180,0
733,1
265,1
12392,1
3126,0
6082,0
491,1
7700,0
1363,1
12008,1
10436,0
13397,0
4301,0
3824,0
7986,0
133,1
1427,0
8225,0
13287,0
3636,0
2767,0
14574,1
11685,0
12890,0
12742,1
13293,0
10771,0
1082,1
8763,0
6999,0
4284,0
8929,0
2500,0
4235,0
454,1
8963,0
157,1
1304,1
8377,0
1281,1
10355,0
6315,0
8066,0
9078,0
16,1
3157,0
2128,0
3807,0
6690,0
608,1
1554,1
5629,0
12411,1
5797,0
1761,1
7085,0
9145,0
9319,0
7857,0
5528,0
7476,0
9721,0
5381,0
10651,0
380,1
6693,0
1060,1
6633,0
4106,0
9381,0
2553,0
8269,0
2085,0
1992,1
9131,0
1645,1
1357,1
366,1
7735,0
14783,1
4269,0
14421,1
9416,0
37,1
6138,0
5530,0
4631,0
930,0
1256,1
11626,0
1603,1
1567,1
10945,0
6292,0
2669,0
9862,0
9,1
7574,0
245,1
526,1
11019,0
9423,0
5939,0
7996,0
7582,0
13739,0
5018,0
4597,0
4288,0
5793,0
3645,0
10708,0
7818,0
3763,0
13089,0
12511,1
4525,0
1235,1
13257,0
1204,1
10655,0
7159,0
8307,0
4111,0
5998,0
4747,0
1919,1
3941,0
12782,1
4866,0
11188,0
12449,1
14273,1
12290,1
223,1
12083,1
9477,0
7016,0
7990,0
9315,0
10083,0
10823,0
4777,0
6016,0
1638,1
5183,0
13344,0
4304,0
8166,0
8494,0
2760,0
3019,0
7901,0
6335,0
13613,0
7115,0
7043,0
8946,0
760,1
2536,0
10566,0
8580,0
6988,0
5297,0
9376,0
2778,0
7055,0
3494,0
3522,0
2384,0
8585,0
11307,0
8561,0
7182,0
1308,1
10363,0
2841,0
10196,0
9976,0
10081,0
5285,0
11373,0
12305,1
5333,0
11375,0
4103,0
5697,0
12730,1
1743,1
10851,0
11526,0
3865,0
13678,0
716,1
2049,0
8210,0
11839,0
7564,0
13109,0
9429,0
7985,0
7551,0
9631,0
7576,0
1292,1
10476,0
12145,1
12943,0
2730,0
6244,0
4030,0
7136,0
6502,0
1846,1
2006,0
12328,1
10478,0
640,1
4209,0
10201,0
14952,1
5655,0
7260,0
6674,0
1499,1
1984,1
6875,0
4647,0
3367,0
11848,0
5357,0
8196,0
176,1
1437,1
7890,0
2087,0
8484,0
14561,1
4191,0
11942,0
14552,1
7449,0
8433,0
2291,0
8064,0
12223,1
14745,1
11033,0
4024,0
6759,0
9135,0
3894,0
4837,0
10928,0
772,0
4701,0
11722,0
5235,0
9672,0
3535,0
10881,0
258,1
3245,0
10528,0
11670,0
9589,0
6224,0
2365,0
13965,0
14763,1
6477,0
8018,0
3586,0
1563,1
4595,0
2402,0
3851,0
11572,0
9909,0
1201,1
2712,0
9130,0
3353,0
10325,0
11257,0
5461,0
7041,0
12135,1
7800,0
12381,1
13991,0
1969,1
2228,0
8074,0
8713,0
8750,0
10549,0
2687,0
3635,0
9925,0
14422,1
2090,0
9754,0
9101,0
12713,1
13296,0
14398,1
4220,0
554,1
12086,1
14960,1
2337,0
12332,1
8227,0
5901,0
6248,0
11087,0
10592,0
7541,0
10635,0
2625,0
6737,0
8062,0
5228,1
7330,0
11131,0
8648,0
1658,1
3439,0
976,1
3035,0
1943,1
5625,0
9610,0
8189,0
13211,0
14507,1
4507,0
12425,1
3975,0
6217,0
6760,0
12210,1
5147,0
5350,0
13587,0
13098,0
14104,0
4804,0
8688,0
6297,0
3017,0
2560,0
6756,0
13245,0
5023,0
7960,0
610,1
6881,0
12436,1
6823,0
14138,0
10923,0
14205,0
12304,1
9623,0
9479,0
10207,0
12417,1
6271,0
3018,0
13855,0
3369,0
14957,1
12006,1
14971,1
8646,0
13073,0
8718,0
4439,0
11825,0
2791,0
8474,0
13553,0
5843,0
8588,0
495,1
2606,0
8304,0
3488,0
13366,0
11945,0
11217,0
13566,0
14007,0
10950,0
14619,1
11776,0
3523,0
1453,0
7699,0
7807,0
14448,1
6258,0
9821,0
14672,1
12432,1
13598,0
3411,0
14127,0
11349,0
4171,0
13972,0
8420,0
5006,0
1070,1
12978,0
2176,0
6476,0
13271,0
119,1
6550,0
11154,0
9397,0
9386,0
4221,0
1387,1
5426,0
10192,0
4121,0
9894,0
5777,0
14098,0
1915,1
14755,1
12631,1
11228,0
13905,0
343,1
7747,0
4606,0
5946,0
4831,0
14779,1
5107,0
13487,0
9917,0
188,1
9713,0
2585,0
3480,0
4604,0
6073,0
8653,0
5602,0
9021,0
4802,0
1494,0
12566,1
8026,0
11935,0
1988,1
9555,0
3755,0
7025,0
4433,0
4041,0
11302,0
579,1
5844,0
10022,0
4075,0
5564,0
6079,0
10575,0
6972,0
4445,0
10510,0
619,1
9810,0
14166,0
12673,1
8425,0
3505,0
3916,0
5571,0
12620,0
10407,0
5118,0
5619,0
2515,0
13212,0
2393,0
11595,0
5473,0
5772,0
9003,0
10462,0
12490,1
14559,1
14550,1
12623,1
5973,0
12667,1
13605,0
12964,0
4214,0
14338,1
10816,0
9206,0
547,1
14933,1
5816,0
10965,0
8101,0
13756,0
9388,0
9840,0
10063,0
12917,0
4691,0
10393,0
1654,1
13448,0
6600,1
8896,0
9326,0
1347,1
3081,0
3061,0
832,1
6085,0
13351,0
9281,0
8707,0
536,1
12224,1
126,1
3010,0
13967,0
1238,0
10818,0
6942,0
8391,0
12583,1
13474,0
7792,0
8182,0
4592,0
12336,1
6327,0
3725,0
1270,1
7216,0
11525,0
12524,1
11266,0
11442,0
12564,1
3079,1
3284,0
6052,0
2569,0
11178,0
3768,0
9141,0
6593,0
14688,1
13943,0
722,1
5254,0
3368,0
11303,0
13863,0
10675,0
7544,0
5806,0
1911,1
9405,0
5997,0
7145,0
9613,0
14538,1
11204,0
5882,0
13645,0
12925,0
11715,0
5948,0
13759,0
12862,0
1961,1
12040,1
2980,0
13865,0
11310,0
6263,1
6137,0
13958,0
164,1
13618,0
8001,0
5527,0
2330,0
14247,1
8257,0
4774,0
5424,0
9957,0
9817,0
7134,0
13179,0
10209,0
296,1
5704,0
12066,1
4070,0
10267,0
8160,0
4311,0
9154,0
8949,0
925,1
1297,1
8725,0
5689,0
6439,0
332,1
3474,0
10759,0
2869,0
2327,0
103,1
3055,0
14537,1
9252,0
6025,0
4166,0
8122,0
1796,1
11720,0
13549,0
9184,0
5838,0
12641,1
6381,0
3880,0
3487,0
9879,0
14069,0
14837,1
7948,0
12096,1
7618,0
8400,0
11688,0
1121,1
138,1
13332,0
253,1
1580,0
5949,0
10183,0
13689,0
13853,0
713,1
7733,0
2658,0
12938,0
2551,0
1236,1
13710,0
1424,1
7655,0
3132,0
13346,0
2690,0
6045,0
10214,0
8340,0
6146,1
1814,1
3974,0
14483,1
1628,1
4857,0
3223,0
2916,0
2783,0
4617,0
6605,0
2519,0
10457,0
2491,0
13861,0
14664,1
4635,0
5114,0
3681,0
1156,1
7325,0
10979,0
11867,0
4036,0
6488,0
1872,1
9495,0
13476,0
11035,0
9342,0
13396,0
2819,0
2201,0
3359,0
6403,0
3188,0
14182,0
5651,0
2777,0
5633,0
6196,0
14909,1
14772,1
6204,0
1282,1
5613,0
565,1
6491,0
1753,1
5988,0
8305,0
14271,1
7304,0
7301,0
7107,0
10240,0
356,1
14693,1
14084,0
2805,0
402,1
4197,0
10361,0
11101,0
7247,0
10284,0
14347,1
3618,0
12037,1
10813,0
4273,0
5033,0
9237,0
5210,0
13432,0
11796,0
7591,0
11527,0
11088,0
12076,1
9384,0
9611,0
9969,0
13787,0
10452,0
3943,0
3183,0
11513,0
14231,1
530,1
13912,0
4029,0
194,1
12254,1
8272,0
879,1
10228,0
11329,0
1819,1
2607,0
6549,0
9520,0
11746,0
2134,0
7723,0
9453,0
4965,0
9558,0
7354,0
4841,0
6762,0
14867,1
10667,0
12916,0
6126,0
5112,0
8245,0
6409,0
1726,1
2406,0
4382,0
3471,0
5464,0
8575,0
443,1
7568,0
3299,0
12556,1
12833,0
10432,0
8073,0
2091,0
12803,0
6850,0
5799,0
13348,0
7345,0
4293,0
6190,0
8828,0
3158,0
6734,0
11259,0
597,1
671,1
5499,0
9274,0
4995,0
1312,1
4892,0
3782,0
14143,0
10153,0
6038,0
8654,0
14014,0
9765,0
12330,1
2182,0
3733,0
3882,0
10440,0
534,1
8117,0
13830,0
10477,0
9659,0
5082,0
5659,0
4503,0
13932,0
4936,0
257,1
398,1
4484,0
9792,0
5632,0
5416,0
8380,0
2359,0
3032,0
13039,0
5926,0
4901,0
4343,0
13502,0
2746,0
9535,0
14858,1
1047,1
7058,0
11635,0
2917,0
3030,0
14275,1
10230,0
13325,0
4250,0
14241,1
5563,0
4861,0
8313,0
3852,0
12064,1
12845,0
12867,0
2729,0
13250,0
9522,0
13270,0
12954,0
1683,1
2630,0
7057,0
5396,0
7535,0
14753,1
6343,0
4615,0
14227,1
3051,0
13570,0
2503,0
752,1
7251,0
7516,0
1095,1
8215,0
5623,0
3714,0
14571,1
10392,0
13514,0
8119,0
5069,0
9365,0
7113,0
507,1
13400,0
10822,0
9807,0
2476,0
692,1
8309,0
10078,0
13916,0
14985,1
5609,0
8911,0
2749,0
12169,1
2454,0
2641,0
13150,0
1514,1
3558,0
2919,0
8308,0
4860,0
3266,0
12514,1
5214,0
13521,0
7089,0
14343,1
5475,0
8927,0
4794,0
5840,0
812,1
5034,0
2860,0
6132,0
9642,0
8277,0
10395,0
11075,0
12538,1
4492,0
2670,0
334,1
13164,0
14630,1
5976,0
12915,0
11029,0
11313,0
7394,0
10358,0
3641,0
6722,0
9716,0
14451,1
2686,0
2450,0
396,1
4188,0
8041,0
4678,0
13481,0
5010,0
3679,0
14323,1
11600,0
2525,0
13718,0
13584,0
4954,0
5566,0
7497,0
2709,0
12993,0
1120,1
10072,0
13877,0
6891,0
11988,0
11402,0
11237,0
6783,0
5389,0
2021,0
8720,0
5055,0
1615,1
14043,0
11433,0
12544,1
7675,0
2898,0
3699,0
2535,0
8426,0
4578,0
14609,1
8568,0
5656,0
6353,0
12626,1
9437,0
13136,0
1540,1
12666,1
7381,0
5964,0
274,1
10278,0
9953,0
9685,0
125,1
14209,0
11983,0
2763,0
4651,0
12377,1
12704,0
11823,0
632,1
13844,0
8605,0
11741,0
7223,0
6451,0
7084,0
8478,0
14309,1
887,1
5506,0
624,1
2839,0
5155,0
4558,0
3341,0
4967,0
11286,0
4563,0
12002,1
2177,0
1346,1
2164,0
2976,0
1509,1
6846,0
3336,0
6884,0
6981,0
6780,0
439,1
6935,0
12324,1
4676,0
4927,0
2759,0
5329,0
13763,0
6975,0
275,1
13268,0
865,1
8943,0
9548,0
11538,0
4006,0
9001,0
11360,0
10719,0
8598,0
7382,0
2064,0
7002,0
3260,0
13642,0
837,1
2456,0
9510,0
7328,0
14097,0
13184,0
5770,0
10809,0
381,1
13170,0
8027,0
8578,0
14144,0
4249,0
4664,0
1043,1
7598,0
13662,0
2185,0
5766,0
3638,0
7196,0
5501,0
10910,0
4726,0
5470,0
3214,0
7694,0
2455,0
6736,0
3481,0
13870,0
8840,0
5755,0
8668,0
955,1
14446,1
6973,0
5175,0
1854,1
5863,0
14055,0
2952,0
9796,0
2153,0
7795,0
8923,0
7660,0
6043,0
5813,0
1829,1
5283,0
12573,1
13525,0
11710,0
3028,0
983,1
7420,0
1868,1
13703,0
7281,0
9963,0
14221,1
2101,0
9848,0
14618,1
14709,1
8107,0
12344,1
14937,1
4055,0
11530,0
8475,0
150,1
11458,0
14054,0
8687,0
6456,0
6078,0
9053,0
13057,0
8905,0
11863,0
11171,0
6867,0
5057,0
256,1
1760,1
13901,0
9011,0
7474,0
8518,0
9128,0
7090,0
14033,0
3078,0
14,1
10364,0
8369,0
4069,0
1772,1
5274,0
10004,0
10859,0
4429,0
10172,0
2232,0
12413,1
8681,0
4659,0
14374,1
532,1
9475,0
9596,0
10793,0
14360,1
660,1
12265,1
13945,0
3909,0
13166,0
7422,0
2849,0
10598,0
834,1
7529,0
5670,0
3978,0
11772,0
13770,0
8939,0
11763,0
4129,0
8643,0
12028,1
12208,1
8503,0
5266,0
9755,0
7753,0
378,1
7279,0
7977,0
7368,0
13061,0
5459,0
14008,0
7770,0
10187,0
10779,0
5628,0
10960,0
538,1
7838,0
4388,0
13014,0
9153,0
14438,1
14060,0
11614,0
7403,0
4495,0
2082,0
10339,0
5721,0
3388,0
14945,1
8625,0
4425,0
10684,0
3285,0
1756,1
5076,0
6239,0
6648,0
3277,0
8820,0
12886,0
14321,1
11355,0
2818,0
10895,0
13434,0
11566,0
1008,1
11632,0
4435,0
2483,0
14929,1
5173,0
10247,0
7284,0
5989,0
4309,0
13908,0
1302,1
12060,1
9720,0
11132,0
1652,1
6554,0
10745,0
11231,0
6098,0
11800,0
12654,1
12284,1
4628,0
10330,0
13984,0
237,1
4330,0
5013,0
5536,0
7342,0
14129,0
13074,0
14518,1
12712,1
11973,0
12587,1
5925,0
12193,1
9503,0
12376,1
14511,1
9223,0
14516,1
12642,1
12656,1
14528,1
477,1
7475,0
5320,0
11620,0
12571,1
8522,1
7609,0
14677,1
13792,0
14685,1
10577,0
14465,1
10626,0
11425,0
14442,1
13561,0
11156,0
1143,1
1889,1
1338,0
574,1
12826,0
4482,0
5992,0
2865,0
5963,0
5647,0
6677,0
5463,0
83,1
6071,0
3634,0
8009,0
11404,0
982,1
11759,0
14456,1
5275,0
6285,0
4500,0
6856,0
1083,1
7829,0
10701,0
2457,0
9176,0
1559,1
6943,0
10486,0
3965,0
9937,0
2017,0
14919,1
10911,0
4661,0
724,1
8770,0
5194,0
1259,1
3827,0
5431,0
14687,1
14966,1
4139,0
5920,0
14584,1
12725,1
9249,0
14373,1
14379,1
4323,0
4089,0
1454,0
13823,0
13765,0
2113,0
8360,0
9298,0
5677,0
10569,0
7827,0
12815,0
1173,1
11811,0
9812,0
12765,1
2213,0
14607,1
10323,0
6944,0
5731,0
6889,0
6595,0
14396,1
5174,0
3380,0
1279,1
4281,0
3839,0
12709,1
6747,0
10871,0
10883,0
7757,0
4066,0
1994,1
8883,0
10444,0
10491,0
11961,0
7237,0
2590,0
644,0
7619,0
6152,0
600,1
12760,1
2894,0
5831,0
13103,0
4544,0
12786,0
5825,0
8195,0
13113,0
3667,0
11143,0
1869,1
5957,0
1529,1
1240,1
1578,1
637,1
11440,0
9608,0
3476,0
11606,0
7229,0
3265,0
7810,0
9741,0
13121,0
39,1
12789,0
13430,0
14589,1
11367,0
10511,0
9091,0
4546,0
10170,0
7885,0
2152,0
7897,0
13656,0
8761,0
5634,0
8834,0
6171,0
12156,1
2180,0
12185,1
5278,0
10460,0
581,1
1090,1
13403,0
1467,1
192,1
13028,0
5412,0
12821,0
8869,0
2377,0
5798,0
9174,0
11510,0
2584,0
14878,1
9701,0
345,1
11781,0
11138,0
6893,0
7112,0
6321,0
12904,0
1085,1
10489,0
5699,0
14091,0
12865,0
14035,0
8469,0
12453,1
9431,0
4202,0
12766,1
3536,0
10295,0
2137,0
14774,1
10574,0
11937,0
14983,1
7937,0
10886,0
1624,1
294,1
3780,1
12248,1
10926,0
10124,0
13049,0
11928,0
7861,0
13790,0
7554,0
11793,0
6168,0
6199,0
12175,0
11353,0
9301,0
4462,0
14520,1
3213,0
12628,1
1414,1
12319,1
3921,1
2513,0
3358,0
8376,0
11304,0
3595,0
1067,1
7722,0
5433,0
9811,0
7062,0
6111,0
5090,0
12806,0
9620,0
1275,1
6425,0
2249,0
13769,0
7900,0
6639,0
13803,0
4900,0
8951,0
4341,0
11494,0
3710,0
11182,0
190,1
12023,1
11753,0
4149,0
9182,0
1402,1
6681,0
5480,0
12479,1
8731,0
3648,0
4608,0
42,1
13519,0
7133,0
3639,0
14394,1
2334,0
13556,0
487,1
3601,0
8130,0
2600,0
11232,0
7863,0
7256,0
7306,0
5981,0
8500,0
9090,0
5215,0
11213,0
5747,0
4244,0
7178,0
13216,0
4183,0
12882,0
4487,0
2472,0
13711,0
7811,0
7186,0
5044,0
10322,0
338,1
5788,0
4159,0
3350,0
12375,1
2786,0
9603,0
10718,0
2052,0
6848,0
6841,0
5455,0
11219,0
2943,0
12513,1
12057,1
7262,0
12595,1
3283,0
13591,0
5741,0
4832,0
13433,0
7175,0
5164,0
8076,0
14142,0
5710,0
12503,1
9717,0
3020,0
2421,0
4374,0
13000,0
7523,0
9004,0
11208,0
2168,0
13191,0
4350,0
10344,0
1573,1
4894,0
1593,1
5927,0
2379,0
3750,0
7765,0
6821,0
9031,0
10394,0
5941,0
9367,0
4627,0
8112,0
3515,0
5111,0
1466,1
4637,0
12108,0
7236,0
369,1
1376,1
7745,0
6510,0
12158,1
2270,0
6792,0
14917,1
2070,0
3951,0
1516,1
11279,0
4636,0
7261,0
2828,0
10717,0
13146,0
9083,0
11743,0
14728,1
4520,0
12451,1
1242,1
3472,0
11267,0
8105,0
12213,1
12663,1
7945,0
3775,0
7622,0
2697,0
8885,0
7443,1
5983,0
3980,0
7298,0
14770,1
6389,0
989,1
4711,0
2954,0
11876,0
3914,0
4431,0
1556,1
7079,0
1665,0
2157,0
2464,0
14495,1
4799,0
14328,1
5547,0
11141,0
1811,1
7070,0
9017,0
9108,0
10755,0
7549,0
7975,0
14318,1
13148,0
14669,1
6459,0
10090,0
4808,0
10029,0
1501,1
11339,0
2175,0
2876,0
8230,0
13550,0
1570,1
14185,0
14337,1
3374,0
8485,0
8297,0
11898,0
8984,0
5583,0
7488,0
5712,0
7238,0
1220,1
4123,0
7123,0
13386,0
7923,0
6974,0
3013,0
124,1
1417,1
723,1
9950,0
5923,0
11769,0
1194,1
5968,0
13536,0
10758,0
572,1
8103,0
10855,0
225,1
14719,1
7457,0
7309,0
8996,0
10840,0
11454,0
10800,0
4026,0
2369,0
14498,1
1662,1
11597,0
6095,0
12365,1
1656,1
11011,0
2308,0
613,1
8682,0
8521,0
7439,0
11337,0
1167,1
14922,1
8570,0
10898,0
7952,0
5356,1
4842,0
788,0
14432,1
6887,0
10125,0
6284,0
14994,1
10744,0
7545,0
5552,0
11394,0
9331,0
6597,0
3345,0
8727,0
11224,0
7117,0
7477,0
14092,0
7005,0
9586,0
4247,0
10964,0
10746,0
11091,0
12942,0
7149,0
528,1
11617,0
14988,1
2244,0
2862,0
10313,0
4296,0
13603,0
8515,0
11174,0
958,1
4501,0
12257,1
7693,0
8624,0
4168,0
11730,0
2531,0
11676,0
3460,0
1585,1
898,1
11227,0
9254,0
11105,0
8302,0
5065,0
7613,0
12031,1
5306,0
90,1
11855,0
11716,0
13998,0
4013,0
552,1
6018,0
14629,1
12854,0
12986,0
238,1
10186,0
4721,0
3619,0
322,1
1478,1
9553,0
352,1
2604,0
12888,0
12580,1
522,1
1106,1
14270,1
3239,0
3671,0
11893,0
14944,1
2930,0
5502,0
1881,1
1351,1
11136,0
11807,0
11366,0
2529,0
4230,0
12010,1
14410,1
13567,0
4035,0
10792,0
1530,1
1941,1
13964,0
8586,0
14239,1
3151,0
11158,0
7347,0
9782,0
8044,0
5702,0
14636,1
7587,0
9086,0
9211,0
5706,0
11432,0
10418,0
11649,0
2940,0
5466,0
7121,0
7787,0
3683,0
7027,0
10074,0
144,1
2663,0
6528,0
6418,0
10791,0
10310,0
1842,1
1678,1
6474,0
13531,0
9201,0
13707,0
14240,1
2815,0
7225,0
8346,0
11159,0
1098,1
5232,0
9058,0
12720,1
6541,0
2470,0
10203,0
3234,0
5934,0
13066,0
12693,1
1237,1
5122,0
4942,0
3660,0
6589,0
12898,0
1892,1
5307,0
14599,1
1328,1
8936,0
11729,0
12775,1
9747,0
10861,0
1245,1
14264,1
4872,0
3747,0
12420,1
8003,0
9044,0
978,1
2646,0
1252,1
7804,0
5668,0
5584,0
10951,0
1017,1
3043,0
10714,0
1568,1
2587,0
14259,1
12880,0
13709,0
3120,0
4981,0
11017,0
12243,1
13253,0
5120,0
11083,0
2948,0
3629,0
4583,0
9074,0
57,1
1088,1
7536,0
7550,0
7417,0
12764,1
11996,0
5858,0
13772,0
8490,0
7280,0
13425,0
13767,0
6301,0
2335,0
4346,0
10913,0
4643,0
7542,0
6901,0
12343,1
11666,0
3355,0
6443,0
10408,0
5071,0
4576,0
4683,0
11112,0
11899,0
1298,1
2238,0
6290,0
2305,0
4915,0
9865,0
14979,1
413,1
8016,0
4211,0
10807,0
3932,0
14639,1
9996,0
11015,0
13050,0
7842,0
8256,0
1989,0
2263,0
13808,0
6472,0
11532,0
382,1
12832,0
12466,1
247,1
7357,0
6526,0
4755,0
11443,0
4596,0
2054,0
13105,0
6378,0
7487,0
14706,1
8115,0
10283,0
7314,0
3071,0
799,1
7031,0
11047,0
180,1
2206,0
14149,0
10741,0
8614,0
3037,0
8331,0
8881,0
5334,0
8985,0
1218,1
8865,0
2033,0
9944,0
9242,0
10467,0
11514,0
6230,0
9049,0
10370,0
6700,0
2891,0
2013,0
7921,0
8550,0
7214,0
11492,0
7892,0
14389,1
10842,0
14070,0
5211,0
9934,0
8917,0
580,1
11024,0
14371,1
13753,0
2171,0
6649,0
3016,0
2728,0
4943,0
3864,0
9866,0
9482,0
14497,1
4291,0
4993,0
14279,1
12682,1
7809,0
347,1
1272,1
4025,0
11701,0
8764,0
10930,0
3964,0
12450,1
13775,0
9703,0
9080,0
3254,0
9088,0
7167,0
13552,0
13265,0
2554,0
4109,0
3412,0
8762,0
3735,0
3856,0
13357,0
14431,1
7887,0
377,1
12785,0
6139,0
12130,1
12680,1
5178,0
7489,0
5031,0
12038,1
3021,0
6371,0
13840,0
500,1
14705,1
8094,0
14229,1
5030,0
13371,0
13102,0
13138,0
14897,1
14090,0
12974,0
2804,0
2985,0
11519,0
13030,0
12818,0
10848,0
2973,0
1003,1
6164,0
9060,0
2774,0
7231,0
3899,0
2311,0
32,1
6041,0
260,1
7570,0
13455,0
7679,0
3050,0
9867,0
9787,0
4134,0
14225,1
6971,0
6707,0
9138,0
12963,0
11392,0
13543,0
9363,0
1364,1
1072,0
14169,0
13162,0
12168,1
882,1
6207,0
10652,0
655,1
13335,0
1139,1
10042,0
7678,0
10660,0
14500,1
8179,0
13612,0
6608,0
3083,0
5570,0
233,1
3857,0
50,1
9487,0
3744,0
9440,0
9217,0
226,1
2707,0
8405,0
2124,0
9221,0
4687,0
944,1
2278,0
11103,0
4402,0
14916,1
8362,0
13065,0
5150,0
13288,0
8,1
1832,1
13827,0
8817,0
7546,0
8162,0
13187,0
5207,0
14667,1
10735,0
10920,0
12992,0
6667,0
2314,0
14946,1
6480,0
7737,0
6107,0
8486,0
1643,1
5003,0
6404,0
836,1
6012,0
12547,1
9708,0
9156,0
242,1
3039,0
10126,0
1102,1
12315,1
2753,0
7215,0
8719,0
3908,0
7840,0
2495,0
7074,0
11309,0
10666,0
5640,0
10420,0
555,1
7028,0
6075,0
1550,1
8055,0
7569,0
6193,0
11615,0
7470,0
12394,1
3131,0
5717,0
11826,0
1750,1
6902,0
3933,0
5880,0
2081,0
13277,0
12819,0
8566,0
621,1
10147,0
2724,0
9277,0
10051,0
1611,1
8138,0
4699,0
4336,0
14845,1
7799,0
14508,1
11799,0
1518,1
2879,0
3279,0
9149,0
1126,1
8317,0
10406,0
5344,0
12877,0
12181,1
9442,0
148,1
7496,0
10006,0
10243,0
6969,0
13644,0
11225,0
8202,0
5315,0
11201,0
3427,0
2826,0
2220,0
2550,0
8594,0
1101,1
1564,0
7059,0
6062,0
6446,0
8831,0
309,1
785,1
4410,0
11389,0
8492,0
14982,1
11537,0
13408,0
2892,0
11683,0
915,0
9750,0
14063,0
11397,0
9778,0
8406,0
5707,0
7053,0
9869,0
4064,0
12769,1
10748,0
4891,0
11919,0
13986,0
9952,0
2675,0
1899,1
548,1
13653,0
8190,0
7673,0
8419,0
11202,0
5578,0
12601,1
6274,0
5304,0
140,1
14147,0
7563,0
2475,0
11198,0
4960,0
1752,1
9533,0
11706,0
13522,0
4428,0
8995,0
7583,0
7688,0
1590,1
1109,1
13717,0
3009,0
5808,0
5438,0
3697,0
6625,0
1766,1
6560,0
4741,0
8006,0
8701,0
633,1
6352,0
11633,0
11859,0
3180,0
3761,0
12736,1
9486,0
8157,0
9583,0
11001,0
6912,0
8733,0
12526,1
6287,0
6067,0
9696,0
12991,0
8812,0
11981,0
1386,1
7321,0
4899,0
2224,0
7352,0
364,1
11980,1
11481,0
8851,0
7378,0
8220,0
14564,1
11162,0
4700,0
4908,0
5970,0
1607,1
13859,0
9874,0
5316,0
5474,0
14206,0
8168,0
252,1
9062,0
6304,0
8354,0
4398,0
9310,0
11674,0
14133,0
6391,0
4018,0
12380,1
12721,0
10586,0
10824,0
893,1
5773,0
14224,1
13165,0
5160,0
10899,0
7606,0
2524,0
6866,0
7776,0
6808,0
13002,0
3850,0
10307,0
2923,0
5129,0
7532,0
11377,0
11888,0
14186,0
2926,0
6192,0
464,1
12462,0
2140,0
11986,0
14950,0
4813,0
6692,0
7926,0
3210,0
1534,1
7703,0
11142,0
728,1
14872,1
7412,0
8399,0
14927,1
10785,0
10734,0
13636,0
12455,1
12340,1
7460,0
7423,0
6202,0
8350,0
12501,1
4422,0
10139,0
841,1
2995,0
9046,0
8581,0
6757,0
779,1
9472,0
5657,0
14375,1
14407,1
2545,0
6003,0
5965,0
7218,0
1685,1
5488,0
7171,0
9827,0
13235,0
1343,1
8141,0
2158,0
9711,0
6298,0
2301,0
7154,0
3408,0
1647,1
11584,0
11565,0
749,1
5341,0
4542,0
11704,0
8176,0
12740,1
6948,0
13622,0
1170,1
7504,0
12311,1
5338,0
4414,0
2664,0
13794,0
8690,0
9511,0
8370,0
4782,0
14894,1
14210,0
10534,0
2576,0
2110,0
11046,0
12126,1
9929,0
1359,1
4231,0
9399,0
7400,0
9295,0
11242,0
12480,1
8538,0
4053,0
3597,0
6423,0
8662,0
14680,1
4046,0
3212,0
1403,1
10531,0
1914,0
10423,0
11889,0
2579,0
14414,1
460,1
10827,0
10551,0
7965,0
4787,0
2754,0
8483,0
2458,0
13979,0
13244,0
273,1
6289,0
6155,0
7685,0
7076,0
2373,0
14752,1
1432,1
1997,1
7048,0
9119,0
3447,0
14238,1
910,1
14981,1
8409,0
6125,0
8882,0
839,1
8464,0
2694,0
6669,0
5318,0
5555,0
13077,0
1830,1
1498,1
2442,0
2789,0
451,1
6492,0
11193,0
14159,0
13064,0
14115,0
6215,0
11175,0
7285,0
2520,0
46,1
13987,0
8711,0
4446,0
4056,0
6768,0
2768,0
14283,1
12700,1
7538,0
13977,0
6322,0
3172,0
6024,0
5404,0
12655,1
12820,0
4694,0
12131,1
8260,0
9195,0
8679,0
582,1
8754,0
10594,0
6798,0
9767,0
1852,1
10847,0
11053,0
12285,1
9372,0
10500,0
9181,0
9883,0
1118,1
3203,0
2594,0
850,1
10069,0
2446,0
8805,0
3379,0
11570,0
2652,0
8351,0
2217,0
10685,0
12179,1
56,1
3706,0
4809,0
5243,0
14975,1
2057,0
4603,0
6020,0
9203,0
2380,0
7896,0
6505,0
1073,1
11032,0
8876,0
938,1
11862,0
4674,0
5136,0
13641,0
13760,0
11380,0
12022,1
7224,0
98,1
11963,0
8909,0
4853,0
8520,0
5268,0
13079,0
12288,1
9939,0
1029,1
12105,1
3885,0
13565,0
13169,0
4816,0
2423,0
1930,1
9073,0
584,1
7927,0
6755,0
6109,0
9419,0
6906,0
994,1
1874,1
4582,0
2689,0
4792,0
10880,0
12715,1
13568,0
12360,1
66,1
6148,0
7898,0
11571,0
14827,1
8999,0
8398,0
7205,0
13228,0
9055,0
4174,0
14478,1
6647,0
5877,0
3042,0
4265,0
3448,0
10403,0
1089,1
4345,0
9155,0
10556,0
7346,0
2701,0
12051,1
9863,0
7759,0
11840,0
11067,0
5365,0
3232,0
13857,0
9546,0
7955,0
8815,0
14849,1
3931,0
6524,0
2499,0
14572,1
7823,0
13178,0
9739,0
7122,0
558,1
12147,1
12140,1
6376,0
1738,1
14102,0
6158,0
11801,0
9519,0
462,0
7933,0
298,1
118,1
1370,1
10498,0
12269,1
8782,0
9916,0
11816,0
13023,0
13783,0
7664,0
9854,0
4000,0
1299,1
4991,0
9604,0
4283,0
9636,0
10934,0
773,1
14955,1
7119,0
14450,1
11902,0
6046,0
1765,1
10924,0
9171,0
14177,0
4092,0
2539,0
1158,0
7386,0
10972,0
6529,0
9005,0
5125,0
14112,0
12530,1
13807,0
7989,1
13903,0
11971,0
3046,0
5548,0
10427,0
2640,0
885,1
5606,0
4655,0
12946,0
12353,1
4105,0
5969,0
3429,0
9689,0
2782,0
10783,0
11647,0
4753,0
13687,0
5143,0
3789,0
1063,1
14660,1
1546,1
5543,0
1286,1
3779,0
5961,0
11021,0
12221,1
3426,0
14830,1
6715,0
3960,0
7584,0
1055,1
4087,0
10108,0
12252,1
14754,1
6165,0
2187,0
2063,0
951,1
11226,0
10532,0
14575,1
3007,0
10156,0
10705,0
11689,0
8975,0
5191,0
9048,0
5967,0
6496,0
2215,0
2115,0
13143,0
2167,0
12525,1
11732,0
1594,1
12934,0
14882,1
5982,0
14805,1
3005,0
2154,0
2723,0
5062,0
9313,0
6039,0
277,1
8201,0
5280,0
6028,0
346,1
10902,0
11561,0
1531,1
12274,1
13534,0
10722,0
14562,1
10776,0
13478,0
8163,0
4938,0
8813,0
8867,0
2902,0
6544,0
6402,0
8357,0
1421,1
13428,0
6396,0
11447,0
14381,1
229,1
10669,0
6740,0
593,1
9923,0
8808,0
1551,1
12811,0
4324,0
2179,0
1906,1
9133,0
10846,0
14803,1
5048,0
7166,0
13131,0
4663,0
5252,0
9571,0
5218,0
9451,0
3510,0
3848,0
1051,1
13032,0
3858,0
6060,0
14180,0
9415,0
11275,0
3828,0
4645,0
6069,0
2506,0
